<?xml version="1.0" encoding="UTF-8"?>
<IccProfile>
  <Header>
    <PreferredCMMType>SICC</PreferredCMMType>
    <ProfileVersion>2.10</ProfileVersion>
    <ProfileDeviceClass>link</ProfileDeviceClass>
    <DataColourSpace>RGB </DataColourSpace>
    <PCS>RGB </PCS>
    <CreationDateTime>2010-10-02T09:20:59</CreationDateTime>
    <PrimaryPlatform>MSFT</PrimaryPlatform>
    <ProfileFlags EmbeddedInFile="false" UseWithEmbeddedDataOnly="false"/>
    <DeviceManufacturer>00000000h</DeviceManufacturer>
    <DeviceModel>00000000h</DeviceModel>
    <DeviceAttributes ReflectiveOrTransparency="reflective" GlossyOrMatte="glossy" MediaPolarity="positive" MediaColour="colour"/>
    <RenderingIntent>Perceptual</RenderingIntent>
    <PCSIlluminant>
      <XYZNumber X="0.96420288" Y="1.00000000" Z="0.82490540"/>
    </PCSIlluminant>
    <ProfileCreator>lXML</ProfileCreator>
  </Header>
  <Tags>
    <lut16Type>
      <TagSignature>A2B0</TagSignature>
      <Channels InputChannels="3" OutputChannels="3"/>
      <BCurves>
        <Curve IdentitySize="256"/>
        <Curve IdentitySize="256"/>
        <Curve IdentitySize="256"/>
      </BCurves>
      <CLUT GridGranularity="2">
          <TableData File="16bit-2x2x2-inversion.txt" Format="text" Encoding="16bit"/>
      </CLUT>
      <ACurves>
        <Curve IdentitySize="256"/>
        <Curve IdentitySize="256"/>
        <Curve IdentitySize="256"/>
      </ACurves>
    </lut16Type>
    <textDescriptionType>
      <TagSignature>desc</TagSignature>
      <ASCII><![CDATA[RGB Identity DeviceLink]]></ASCII>
    </textDescriptionType>
    <textType>
      <TagSignature>cprt</TagSignature>
      <ASCII><![CDATA[Copyright goes here]]></ASCII>
    </textType>
	<profileSequenceDescType>
      <TagSignature>pseq</TagSignature>
	  <ProfileSequence>
	    <ProfileDesc>
		  <DeviceManufacturerSignature>00000000h</DeviceManufacturerSignature>
		  <DeviceModelSignature>00000000h</DeviceModelSignature>
		  <DeviceAttributes ReflectiveOrTransparency="reflective" GlossyOrMatte="glossy" MediaPolarity="positive" MediaColour="colour"/>
		  <Technology>CRT </Technology>
		  <DeviceManufacturer>
	        <textDescriptionType>
             <ASCII><![CDATA[]]></ASCII>
            </textDescriptionType>
		  </DeviceManufacturer>
		  <DeviceModel>
	        <textDescriptionType>
             <ASCII><![CDATA[]]></ASCII>
            </textDescriptionType>
		  </DeviceModel>
		</ProfileDesc>
	  </ProfileSequence>
	</profileSequenceDescType>
  </Tags>
</IccProfile>
